{
  "gender": {
    "mean": 0.346857,
    "std": 0.47597,
    "min": 0.0,
    "max": 1.0
  },
  "age_years": {
    "mean": 53.305631,
    "std": 6.746003,
    "min": 29.73,
    "max": 64.92
  },
  "bmi": {
    "mean": 27.509571,
    "std": 6.132657,
    "min": 7.02,
    "max": 298.67
  },
  "ap_hi": {
    "mean": 126.61648,
    "std": 16.61734,
    "min": 80.0,
    "max": 220.0
  },
  "ap_lo": {
    "mean": 81.272758,
    "std": 9.355795,
    "min": 40.0,
    "max": 130.0
  },
  "pulse_pressure": {
    "mean": 45.343722,
    "std": 11.668641,
    "min": 5.0,
    "max": 130.0
  },
  "bp_ratio": {
    "mean": 1.56204,
    "std": 0.149437,
    "min": 1.0588,
    "max": 4.0
  },
  "bmi_age": {
    "mean": 1469.968005,
    "std": 390.398012,
    "min": 392.21,
    "max": 17145.31
  },
  "cholesterol": {
    "mean": 1.361134,
    "std": 0.675559,
    "min": 1.0,
    "max": 3.0
  },
  "gluc": {
    "mean": 1.225225,
    "std": 0.570708,
    "min": 1.0,
    "max": 3.0
  },
  "active": {
    "mean": 0.804164,
    "std": 0.396843,
    "min": 0.0,
    "max": 1.0
  }
}