{
  "HighBP": {
    "mean": 0.554204,
    "std": 0.497053,
    "min": 0.0,
    "max": 1.0
  },
  "HighChol": {
    "mean": 0.523259,
    "std": 0.499459,
    "min": 0.0,
    "max": 1.0
  },
  "CholCheck": {
    "mean": 0.974598,
    "std": 0.157344,
    "min": 0.0,
    "max": 1.0
  },
  "BMI": {
    "mean": 29.734908,
    "std": 7.044615,
    "min": 12.0,
    "max": 98.0
  },
  "HeartDiseaseorAttack": {
    "mean": 0.145041,
    "std": 0.352142,
    "min": 0.0,
    "max": 1.0
  },
  "PhysActivity": {
    "mean": 0.705488,
    "std": 0.455823,
    "min": 0.0,
    "max": 1.0
  },
  "GenHlth": {
    "mean": 2.812981,
    "std": 1.110116,
    "min": 1.0,
    "max": 5.0
  },
  "PhysHlth": {
    "mean": 5.67404,
    "std": 9.962477,
    "min": 0.0,
    "max": 30.0
  },
  "DiffWalk": {
    "mean": 0.248659,
    "std": 0.432236,
    "min": 0.0,
    "max": 1.0
  },
  "Age": {
    "mean": 8.574117,
    "std": 2.866191,
    "min": 1.0,
    "max": 13.0
  },
  "Education": {
    "mean": 4.927722,
    "std": 1.030296,
    "min": 1.0,
    "max": 6.0
  },
  "Income": {
    "mean": 5.733814,
    "std": 2.172372,
    "min": 1.0,
    "max": 8.0
  },
  "BP_Chol": {
    "mean": 0.366755,
    "std": 0.481919,
    "min": 0.0,
    "max": 1.0
  },
  "Age_GenHlth": {
    "mean": 24.596039,
    "std": 13.395523,
    "min": 1.0,
    "max": 65.0
  },
  "BMI_PhysHlth": {
    "mean": 180.079759,
    "std": 333.636563,
    "min": 0.0,
    "max": 2940.0
  }
}